key,number,name,rookie_year,postal_code,points,rank,state,year,district_code,pop_density,income,team_add,event_data,distances,total_distance,average_distance
frc102,102,The Gearheads,1998,08876,119,34,New Jersey,2019,2019fma,1459.0,89242,"(40.59, -74.66)","[[40.58528099999999, -75.35740299999999, '2019-04-03', '2019-04-06'], [40.59299619999999, -74.63451490000001, '2019-03-15', '2019-03-17'], [40.4174592, -74.7064384, '2019-03-29', '2019-03-31']]","[36.687285255530746, 1.35638029268568, 12.153921196063193]",50.19758674427962,16.73252891475987
frc103,103,Cybersonics,1997,18930,173,16,Pennsylvania,2019,2019fma,122.0,83438,"(40.54, -75.22)","[[40.58528099999999, -75.35740299999999, '2019-04-03', '2019-04-06'], [40.1977406, -75.1635218, '2019-03-01', '2019-03-03'], [40.06192009999999, -75.20853079999999, '2019-03-15', '2019-03-17']]","[7.8767587200019085, 23.802614840626564, 32.991795723349085]",64.67116928397756,21.55705642799252
frc1089,1089,Team Mercury,2003,08520,52,67,New Jersey,2019,2019fma,1581.0,90293,"(40.25, -74.54)","[[40.858616, -74.713984, '2019-03-08', '2019-03-10'], [40.11270489999999, -74.9315159, '2019-03-29', '2019-03-31']]","[42.981387409597914, 22.782029345052074]",65.76341675465,32.881708377325
frc11,11,MORT,1997,07836,208,11,New Jersey,2019,2019fma,787.0,100529,"(40.85, -74.71)","[[40.58528099999999, -75.35740299999999, '2019-04-03', '2019-04-06'], [40.59299619999999, -74.63451490000001, '2019-03-15', '2019-03-17'], [40.858616, -74.713984, '2019-03-08', '2019-03-10']]","[38.586840900991206, 18.17124843045302, 0.6301167432989965]",57.38820607474322,19.12940202491441
frc1143,1143,Cruzin' Comets,2003,18411,33,92,Pennsylvania,2019,2019fma,405.0,70405,"(41.4, -75.7)","[[40.858616, -74.713984, '2019-03-08', '2019-03-10'], [40.1977406, -75.1635218, '2019-03-01', '2019-03-03']]","[63.580273743306705, 87.59928357174876]",151.17955731505546,75.58977865752773
frc1168,1168,Malvern Robotics,2003,19355,29,98,Pennsylvania,2019,2019fma,646.0,109706,"(40.04, -75.53)","[[40.06192009999999, -75.20853079999999, '2019-03-15', '2019-03-17'], [39.9483, -75.53830599999999, '2019-03-08', '2019-03-10']]","[17.111834770140273, 6.342052726867213]",23.453887497007486,11.726943748503743
frc1218,1218,SCH Robotics,2003,19118,132,29,Pennsylvania,2019,2019fma,3075.0,77271,"(40.07, -75.21)","[[40.58528099999999, -75.35740299999999, '2019-04-03', '2019-04-06'], [40.11270489999999, -74.9315159, '2019-03-29', '2019-03-31'], [40.1977406, -75.1635218, '2019-03-01', '2019-03-03'], [40.06192009999999, -75.20853079999999, '2019-03-15', '2019-03-17']]","[36.395268867860615, 15.048275819431714, 9.15074768218676, 0.5628828399219047]",61.157175209401,15.28929380235025
frc1228,1228,RoboTribe,2003,07065,33,91,New Jersey,2019,2019fma,7017.0,58101,"(40.61, -74.28)","[[40.59299619999999, -74.63451490000001, '2019-03-15', '2019-03-17'], [40.858616, -74.713984, '2019-03-08', '2019-03-10']]","[18.681790720024278, 28.516420827863634]",47.19821154788791,23.599105773943954
frc1257,1257,Parallel Universe,2004,07076,132,30,New Jersey,2019,2019fma,2609.0,109872,"(40.64, -74.37)","[[40.58528099999999, -75.35740299999999, '2019-04-03', '2019-04-06'], [40.59299619999999, -74.63451490000001, '2019-03-15', '2019-03-17'], [40.858616, -74.713984, '2019-03-08', '2019-03-10']]","[52.058467123481, 14.281606052051448, 23.52451671951378]",89.86458989504624,29.954863298348744
frc1279,1279,Cold Fusion,2004,08876,158,22,New Jersey,2019,2019fma,1459.0,89242,"(40.59, -74.66)","[[40.58528099999999, -75.35740299999999, '2019-04-03', '2019-04-06'], [40.59299619999999, -74.63451490000001, '2019-03-15', '2019-03-17'], [40.858616, -74.713984, '2019-03-08', '2019-03-10'], [40.4174592, -74.7064384, '2019-03-29', '2019-03-31']]","[36.687285255530746, 1.35638029268568, 18.750545530522558, 12.153921196063193]",68.94813227480218,17.237033068700544
frc136,136,Killer Kardinals,1997,07060,12,127,New Jersey,2019,2019fma,8874.0,53800,"(40.62, -74.43)","[[40.59299619999999, -74.63451490000001, '2019-03-15', '2019-03-17'], [40.11270489999999, -74.9315159, '2019-03-29', '2019-03-31']]","[10.915412778753705, 43.883065829857934]",54.79847860861164,27.39923930430582
frc1370,1370,Thermogenesis,2004,19709,45,76,Delaware,2019,2019fma,441.0,94886,"(39.5, -75.7)","[[39.8573487, -74.717578, '2019-03-22', '2019-03-24'], [39.9483, -75.53830599999999, '2019-03-08', '2019-03-10']]","[57.884138319821204, 32.10558164910883]",89.98971996893003,44.994859984465016
frc1391,1391,The Metal Moose,2004,19382,98,49,Pennsylvania,2019,2019fma,1132.0,90873,"(39.9, -75.6)","[[40.58528099999999, -75.35740299999999, '2019-04-03', '2019-04-06'], [40.11270489999999, -74.9315159, '2019-03-29', '2019-03-31'], [40.1977406, -75.1635218, '2019-03-01', '2019-03-03'], [39.9483, -75.53830599999999, '2019-03-08', '2019-03-10']]","[48.990977614472065, 38.383415114765604, 30.945284495776168, 4.673809557205507]",122.99348678221934,30.748371695554834
frc1403,1403,Cougar Robotics,2004,08558,195,13,New Jersey,2019,2019fma,398.0,154236,"(40.41, -74.7)","[[40.58528099999999, -75.35740299999999, '2019-04-03', '2019-04-06'], [40.59299619999999, -74.63451490000001, '2019-03-15', '2019-03-17'], [40.858616, -74.713984, '2019-03-08', '2019-03-10'], [40.4174592, -74.7064384, '2019-03-29', '2019-03-31']]","[36.679286298909844, 13.089307009630284, 30.963819372638927, 0.6165959388153536]",81.34900861999441,20.337252154998602
frc1495,1495,Red Devils,2004,19390,110,39,Pennsylvania,2019,2019fma,514.0,77462,"(39.85, -75.84)","[[40.58528099999999, -75.35740299999999, '2019-04-03', '2019-04-06'], [40.06192009999999, -75.20853079999999, '2019-03-15', '2019-03-17'], [39.9483, -75.53830599999999, '2019-03-08', '2019-03-10']]","[56.791172389267615, 36.5772950994102, 17.40727110587184]",110.77573859454967,36.925246198183224
frc1626,1626,Falcon Robotics,2005,08840,90,54,New Jersey,2019,2019fma,5324.0,102196,"(40.54, -74.35)","[[40.58528099999999, -75.35740299999999, '2019-04-03', '2019-04-06'], [40.59299619999999, -74.63451490000001, '2019-03-15', '2019-03-17'], [40.4174592, -74.7064384, '2019-03-29', '2019-03-31']]","[53.104491504730184, 15.411341564608115, 20.59590868451944]",89.11174175385774,29.70391391795258
frc1640,1640,Sab-BOT-age,2005,19335,227,7,Pennsylvania,2019,2019fma,1105.0,91997,"(40.0, -75.7)","[[40.58528099999999, -75.35740299999999, '2019-04-03', '2019-04-06'], [39.8573487, -74.717578, '2019-03-22', '2019-03-24'], [40.11270489999999, -74.9315159, '2019-03-29', '2019-03-31'], [39.9483, -75.53830599999999, '2019-03-08', '2019-03-10']]","[44.253778555375156, 53.10247535718519, 41.47847219181686, 9.294609890674817]",148.12933599505203,37.03233399876301
frc1647,1647,Iron Devils,2005,08088,75,59,New Jersey,2019,2019fma,179.0,71089,"(39.8, -74.7)","[[40.58528099999999, -75.35740299999999, '2019-04-03', '2019-04-06'], [39.8573487, -74.717578, '2019-03-22', '2019-03-24'], [40.1977406, -75.1635218, '2019-03-01', '2019-03-03']]","[64.38556413737133, 4.06556823065926, 36.85063650125946]",105.30176886929006,35.10058962309669
frc1672,1672,Robo-T-Birds,2005,07430,37,86,New Jersey,2019,2019fma,1008.0,100781,"(41.08, -74.18)","[[40.858616, -74.713984, '2019-03-08', '2019-03-10'], [40.4174592, -74.7064384, '2019-03-29', '2019-03-31']]","[31.834116460266916, 53.41553983447945]",85.24965629474637,42.62482814737319
frc1676,1676,The Pascack PI-oneers,2005,07645,208,12,New Jersey,2019,2019fma,1963.0,107662,"(41.05, -74.05)","[[40.58528099999999, -75.35740299999999, '2019-04-03', '2019-04-06'], [40.59299619999999, -74.63451490000001, '2019-03-15', '2019-03-17'], [40.4174592, -74.7064384, '2019-03-29', '2019-03-31']]","[75.66765402676938, 43.9687905879176, 55.60763744187219]",175.24408205655917,58.414694018853055
frc1712,1712,Dawgma,2006,19003,133,28,Pennsylvania,2019,2019fma,6447.0,76496,"(40.0, -75.3)","[[40.58528099999999, -75.35740299999999, '2019-04-03', '2019-04-06'], [39.8573487, -74.717578, '2019-03-22', '2019-03-24'], [39.9483, -75.53830599999999, '2019-03-08', '2019-03-10']]","[40.496485368888536, 32.46392265360949, 13.142875259405912]",86.10328328190394,28.701094427301314
frc1791,1791,Voyagers,2006,08312,16,122,New Jersey,2019,2019fma,1356.0,62980,"(39.66, -75.09)","[[39.8573487, -74.717578, '2019-03-22', '2019-03-24'], [39.9483, -75.53830599999999, '2019-03-08', '2019-03-10']]","[24.05462916948554, 31.05964007419735]",55.11426924368289,27.557134621841445
frc1807,1807,Redbird Robotics,2006,08501,274,3,New Jersey,2019,2019fma,243.0,109402,"(40.15, -74.55)","[[40.58528099999999, -75.35740299999999, '2019-04-03', '2019-04-06'], [39.8573487, -74.717578, '2019-03-22', '2019-03-24'], [40.11270489999999, -74.9315159, '2019-03-29', '2019-03-31'], [40.1977406, -75.1635218, '2019-03-01', '2019-03-03']]","[52.13146061015407, 22.062140760840485, 20.368059042270406, 32.6381069288316]",127.19976734209655,31.799941835524137
frc1811,1811,FRESH,2006,07105,41,78,New Jersey,2019,2019fma,10128.0,41959,"(40.72, -74.15)","[[40.59299619999999, -74.63451490000001, '2019-03-15', '2019-03-17'], [40.4174592, -74.7064384, '2019-03-29', '2019-03-31'], [39.9483, -75.53830599999999, '2019-03-08', '2019-03-10']]","[26.92699025934193, 35.95875187508792, 90.59988141617123]",153.48562355060108,51.16187451686702
frc1923,1923,The MidKnight Inventors,2006,08536,227,8,New Jersey,2019,2019fma,2757.0,90089,"(40.34, -74.58)","[[40.58528099999999, -75.35740299999999, '2019-04-03', '2019-04-06'], [40.858616, -74.713984, '2019-03-08', '2019-03-10'], [40.4174592, -74.7064384, '2019-03-29', '2019-03-31']]","[44.328012108244984, 36.47218723611996, 8.548492098501317]",89.34869144286625,29.782897147622084
frc193,193,MORT Beta,1997,07836,50,69,New Jersey,2019,2019fma,787.0,100529,"(40.85, -74.71)","[[40.858616, -74.713984, '2019-03-08', '2019-03-10'], [40.4174592, -74.7064384, '2019-03-29', '2019-03-31']]","[0.6301167432989965, 29.846466794015246]",30.47658353731424,15.23829176865712
frc1989,1989,Viking Robotics,2007,07462,28,101,New Jersey,2019,2019fma,408.0,77909,"(41.19, -74.49)","[[40.858616, -74.713984, '2019-03-08', '2019-03-10'], [40.4174592, -74.7064384, '2019-03-29', '2019-03-31']]","[25.68923309549018, 54.50246949657905]",80.19170259206923,40.09585129603462
frc2016,2016,Mighty Monkey Wrenches,2007,08618,135,27,New Jersey,2019,2019fma,6307.0,41757,"(40.25, -74.79)","[[40.58528099999999, -75.35740299999999, '2019-04-03', '2019-04-06'], [40.11270489999999, -74.9315159, '2019-03-29', '2019-03-31'], [40.06192009999999, -75.20853079999999, '2019-03-15', '2019-03-17']]","[37.822602798013335, 12.075620244144151, 25.677468731100333]",75.57569177325782,25.191897257752604
frc203,203,SOUPer BOTS,1998,08081,61,62,New Jersey,2019,2019fma,1893.0,79746,"(39.74, -74.97)","[[39.8573487, -74.717578, '2019-03-22', '2019-03-24'], [40.1977406, -75.1635218, '2019-03-01', '2019-03-03']]","[15.684176934357263, 33.20993197152113]",48.89410890587839,24.447054452939195
frc204,204,Eastern Robotic Vikings,1998,08043,38,83,New Jersey,2019,2019fma,2535.0,80471,"(39.84, -74.96)","[[39.8573487, -74.717578, '2019-03-22', '2019-03-24'], [40.11270489999999, -74.9315159, '2019-03-29', '2019-03-31'], [39.9483, -75.53830599999999, '2019-03-08', '2019-03-10']]","[12.947012801489494, 18.87549863990124, 31.628172921194533]",63.45068436258527,21.150228120861758
frc2070,2070,Royals,2007,07657,15,124,New Jersey,2019,2019fma,4324.0,67500,"(40.83, -74.01)","[[40.858616, -74.713984, '2019-03-08', '2019-03-10'], [40.4174592, -74.7064384, '2019-03-29', '2019-03-31']]","[36.94288233269257, 46.37855998412834]",83.3214423168209,41.66072115841045
frc2095,2095,Direct Current,2007,19073,31,97,Pennsylvania,2019,2019fma,886.0,98297,"(39.98, -75.44)","[[40.1977406, -75.1635218, '2019-03-01', '2019-03-03'], [40.06192009999999, -75.20853079999999, '2019-03-15', '2019-03-17']]","[20.98446321171809, 13.516709215676785]",34.50117242739488,17.25058621369744
frc2180,2180,Zero Gravity,2007,08690,32,93,New Jersey,2019,2019fma,2623.0,96192,"(40.24, -74.66)","[[40.11270489999999, -74.9315159, '2019-03-29', '2019-03-31'], [40.06192009999999, -75.20853079999999, '2019-03-15', '2019-03-17'], [39.9483, -75.53830599999999, '2019-03-08', '2019-03-10']]","[16.841327642214736, 31.533638483234288, 50.70487767809538]",99.0798438035444,33.02661460118147
frc219,219,Team Impact 219,1999,07882,40,80,New Jersey,2019,2019fma,459.0,75824,"(40.8, -75.0)","[[40.858616, -74.713984, '2019-03-08', '2019-03-10'], [39.8573487, -74.717578, '2019-03-22', '2019-03-24'], [40.11270489999999, -74.9315159, '2019-03-29', '2019-03-31']]","[15.527242968489979, 66.72851707165387, 47.559963983248416]",129.81572402339228,43.27190800779743
frc2191,2191,Flux Core,2007,08619,85,57,New Jersey,2019,2019fma,2277.0,72330,"(40.24, -74.7)","[[40.58528099999999, -75.35740299999999, '2019-04-03', '2019-04-06'], [39.8573487, -74.717578, '2019-03-22', '2019-03-24'], [39.9483, -75.53830599999999, '2019-03-08', '2019-03-10']]","[42.06772963761168, 26.417207184208422, 48.76674354127761]",117.2516803630977,39.0838934543659
frc222,222,Tigertrons,1999,18657,228,6,Pennsylvania,2019,2019fma,97.0,50278,"(41.5, -75.9)","[[40.58528099999999, -75.35740299999999, '2019-04-03', '2019-04-06'], [40.858616, -74.713984, '2019-03-08', '2019-03-10'], [40.4174592, -74.7064384, '2019-03-29', '2019-03-31']]","[69.19437720685917, 76.04239650101692, 97.35611300405962]",242.5928867119357,80.86429557064524
frc223,223,Xtreme Heat,1999,07465,88,55,New Jersey,2019,2019fma,793.0,95459,"(41.05, -74.29)","[[40.58528099999999, -75.35740299999999, '2019-04-03', '2019-04-06'], [40.59299619999999, -74.63451490000001, '2019-03-15', '2019-03-17'], [40.4174592, -74.7064384, '2019-03-29', '2019-03-31']]","[64.49294843554732, 36.33988436936411, 48.81420398454328]",149.64703678945472,49.8823455964849
frc2234,2234,Alternating Current,2007,19073,17,119,Pennsylvania,2019,2019fma,886.0,98297,"(39.98, -75.44)","[[40.1977406, -75.1635218, '2019-03-01', '2019-03-03'], [40.06192009999999, -75.20853079999999, '2019-03-15', '2019-03-17']]","[20.98446321171809, 13.516709215676785]",34.50117242739488,17.25058621369744
frc224,224,The Tribe,1999,08854,37,85,New Jersey,2019,2019fma,2972.0,91164,"(40.55, -74.46)","[[40.59299619999999, -74.63451490000001, '2019-03-15', '2019-03-17'], [40.11270489999999, -74.9315159, '2019-03-29', '2019-03-31']]","[9.649701691914556, 39.11859427910993]",48.768295971024486,24.384147985512243
frc225,225,TechFire,1999,17402,332,1,Pennsylvania,2019,2019fma,1891.0,60900,"(39.95, -76.67)","[[40.58528099999999, -75.35740299999999, '2019-04-03', '2019-04-06'], [40.4174592, -74.7064384, '2019-03-29', '2019-03-31'], [40.06192009999999, -75.20853079999999, '2019-03-15', '2019-03-17']]","[82.06086035366891, 108.79687464809625, 77.92331911775126]",268.7810541195164,89.59368470650547
frc2458,2458,Team Chaos,2008,07934,22,111,New Jersey,2019,2019fma,409.0,163618,"(40.72, -74.68)","[[40.4174592, -74.7064384, '2019-03-29', '2019-03-31'], [40.1977406, -75.1635218, '2019-03-01', '2019-03-03']]","[20.921775744464814, 44.13570697524578]",65.05748271971059,32.528741359855296
frc2495,2495,Hive Mind,2008,08691,29,99,New Jersey,2019,2019fma,581.0,109293,"(40.2, -74.6)","[[40.59299619999999, -74.63451490000001, '2019-03-15', '2019-03-17'], [39.8573487, -74.717578, '2019-03-22', '2019-03-24']]","[27.17719385830601, 24.449593513731507]",51.62678737203751,25.813393686018756
frc25,25,Raider Robotix,1997,08902,109,40,New Jersey,2019,2019fma,3023.0,81531,"(40.44, -74.48)","[[40.58528099999999, -75.35740299999999, '2019-04-03', '2019-04-06'], [40.858616, -74.713984, '2019-03-08', '2019-03-10'], [40.4174592, -74.7064384, '2019-03-29', '2019-03-31']]","[47.28077227660559, 31.393741234951282, 12.040500433638146]",90.71501394519501,30.23833798173167
frc2539,2539,Krypton Cougars,2008,17078,159,21,Pennsylvania,2019,2019fma,667.0,58929,"(40.3, -76.6)","[[40.58528099999999, -75.35740299999999, '2019-04-03', '2019-04-06'], [40.1977406, -75.1635218, '2019-03-01', '2019-03-03'], [40.06192009999999, -75.20853079999999, '2019-03-15', '2019-03-17']]","[68.39892217347877, 76.27012875958172, 75.44687960088933]",220.1159305339498,73.37197684464994
frc2554,2554,The WarHawks,2008,08820,28,102,New Jersey,2019,2019fma,3844.0,112073,"(40.58, -74.37)","[[40.59299619999999, -74.63451490000001, '2019-03-15', '2019-03-17'], [40.11270489999999, -74.9315159, '2019-03-29', '2019-03-31']]","[13.943543951303825, 43.798390544233825]",57.74193449553765,28.870967247768824
frc2559,2559,Normality Zero,2008,17109,45,74,Pennsylvania,2019,2019fma,3077.0,50411,"(40.29, -76.82)","[[39.8573487, -74.717578, '2019-03-22', '2019-03-24'], [40.1977406, -75.1635218, '2019-03-01', '2019-03-03']]","[115.36269445638601, 87.81110764720447]",203.17380210359048,101.58690105179524
frc2577,2577,Pingry Robotics,2008,07920,187,14,New Jersey,2019,2019fma,1150.0,125837,"(40.68, -74.54)","[[40.58528099999999, -75.35740299999999, '2019-04-03', '2019-04-06'], [40.858616, -74.713984, '2019-03-08', '2019-03-10'], [40.4174592, -74.7064384, '2019-03-29', '2019-03-31']]","[43.46357637039143, 15.336724811712426, 20.12238632064222]",78.92268750274607,26.307562500915356
frc2590,2590,Nemesis,2008,08691,171,17,New Jersey,2019,2019fma,581.0,109293,"(40.2, -74.6)","[[40.58528099999999, -75.35740299999999, '2019-04-03', '2019-04-06'], [40.858616, -74.713984, '2019-03-08', '2019-03-10'], [40.11270489999999, -74.9315159, '2019-03-29', '2019-03-31']]","[47.99251757067314, 45.83905620334076, 18.555182736951252]",112.38675651096514,37.46225217032171
frc2600,2600,Team Falcon,2008,07438,37,87,New Jersey,2019,2019fma,421.0,102452,"(41.01, -74.51)","[[40.858616, -74.713984, '2019-03-08', '2019-03-10'], [39.8573487, -74.717578, '2019-03-22', '2019-03-24']]","[14.9356221915243, 80.2811000898198]",95.2167222813441,47.60836114067205
frc2607,2607,The Fighting RoboVikings,2008,18974,222,9,Pennsylvania,2019,2019fma,2147.0,66758,"(40.21, -75.07)","[[40.58528099999999, -75.35740299999999, '2019-04-03', '2019-04-06'], [40.11270489999999, -74.9315159, '2019-03-29', '2019-03-31'], [40.1977406, -75.1635218, '2019-03-01', '2019-03-03']]","[30.005787842958796, 9.940040561618412, 5.019380624106409]",44.96520902868362,14.988403009561205
frc272,272,Cyber-Crusaders,1998,19446,130,31,Pennsylvania,2019,2019fma,2445.0,76263,"(40.23, -75.29)","[[40.58528099999999, -75.35740299999999, '2019-04-03', '2019-04-06'], [39.8573487, -74.717578, '2019-03-22', '2019-03-24'], [40.11270489999999, -74.9315159, '2019-03-29', '2019-03-31'], [39.9483, -75.53830599999999, '2019-03-08', '2019-03-10']]","[24.770338085251037, 39.7794191265487, 20.627798405581355, 23.471063017619006]",108.6486186350001,27.162154658750026
frc2729,2729,Storm Robotics Team,2009,08053,127,32,New Jersey,2019,2019fma,1555.0,92344,"(39.85, -74.91)","[[40.58528099999999, -75.35740299999999, '2019-04-03', '2019-04-06'], [39.8573487, -74.717578, '2019-03-22', '2019-03-24'], [40.06192009999999, -75.20853079999999, '2019-03-15', '2019-03-17']]","[55.97923439090765, 10.244469814968072, 21.56421377455054]",87.78791798042626,29.262639326808753
frc293,293,SPIKE,1999,08534,38,84,New Jersey,2019,2019fma,591.0,144250,"(40.33, -74.79)","[[40.4174592, -74.7064384, '2019-03-29', '2019-03-31'], [40.1977406, -75.1635218, '2019-03-01', '2019-03-03'], [40.06192009999999, -75.20853079999999, '2019-03-15', '2019-03-17']]","[7.473970457201881, 21.749970858312626, 28.85271994913762]",58.07666126465213,19.358887088217376
frc303,303,The T.E.S.T. Team,1999,08807,250,4,New Jersey,2019,2019fma,1481.0,112474,"(40.59, -74.62)","[[40.58528099999999, -75.35740299999999, '2019-04-03', '2019-04-06'], [40.59299619999999, -74.63451490000001, '2019-03-15', '2019-03-17'], [40.858616, -74.713984, '2019-03-08', '2019-03-10'], [40.11270489999999, -74.9315159, '2019-03-29', '2019-03-31']]","[38.79133500222822, 0.7909883708443475, 19.180565645310736, 36.809702358349355]",95.57259137673266,23.893147844183165
frc3142,3142,Aperture,2010,07860,29,100,New Jersey,2019,2019fma,261.0,77878,"(41.1, -74.8)","[[40.59299619999999, -74.63451490000001, '2019-03-15', '2019-03-17'], [40.858616, -74.713984, '2019-03-08', '2019-03-10']]","[36.04383656582964, 17.25350830039381]",53.297344866223455,26.648672433111727
frc3151,3151,Cyberstorm,2010,08080,21,114,New Jersey,2019,2019fma,1296.0,89488,"(39.76, -75.12)","[[39.8573487, -74.717578, '2019-03-22', '2019-03-24'], [39.9483, -75.53830599999999, '2019-03-08', '2019-03-10']]","[22.441075402502612, 25.758881136569816]",48.19995653907243,24.099978269536216
frc316,316,LUNATECS,1999,08069,46,71,New Jersey,2019,2019fma,777.0,44029,"(39.71, -75.45)","[[40.11270489999999, -74.9315159, '2019-03-29', '2019-03-31'], [40.06192009999999, -75.20853079999999, '2019-03-15', '2019-03-17']]","[39.124890564657925, 27.463016989368693]",66.58790755402661,33.29395377701331
frc321,321,RoboLancers,1999,19141,52,66,Pennsylvania,2019,2019fma,17301.0,29601,"(40.04, -75.15)","[[40.11270489999999, -74.9315159, '2019-03-29', '2019-03-31'], [40.06192009999999, -75.20853079999999, '2019-03-15', '2019-03-17']]","[12.61990076719021, 3.4523021041530013]",16.07220287134321,8.036101435671606
frc3314,3314,Mechanical Mustangs,2010,07013,117,36,New Jersey,2019,2019fma,6213.0,76547,"(40.87, -74.17)","[[40.58528099999999, -75.35740299999999, '2019-04-03', '2019-04-06'], [40.59299619999999, -74.63451490000001, '2019-03-15', '2019-03-17'], [40.4174592, -74.7064384, '2019-03-29', '2019-03-31']]","[65.35350758841, 30.98154046891625, 42.07141772919672]",138.40646578652297,46.13548859550766
frc3340,3340,Union City MagneGeeks,2010,07087,96,50,New Jersey,2019,2019fma,51633.0,40903,"(40.77, -74.03)","[[40.58528099999999, -75.35740299999999, '2019-04-03', '2019-04-06'], [40.59299619999999, -74.63451490000001, '2019-03-15', '2019-03-17'], [40.4174592, -74.7064384, '2019-03-29', '2019-03-31']]","[70.8870940698024, 34.022891210366694, 43.10040560664019]",148.0103908868093,49.336796962269766
frc341,341,Miss Daisy,2000,19002,60,63,Pennsylvania,2019,2019fma,1560.0,100326,"(40.18, -75.22)","[[39.8573487, -74.717578, '2019-03-22', '2019-03-24'], [40.11270489999999, -74.9315159, '2019-03-29', '2019-03-31'], [39.9483, -75.53830599999999, '2019-03-08', '2019-03-10']]","[34.725597512903946, 15.964689154353737, 23.243928616389997]",73.93421528364767,24.644738427882558
frc3515,3515,Pneubotic Mustangs ,2011,08830,16,123,New Jersey,2019,2019fma,5808.0,83581,"(40.57, -74.31)","[[40.59299619999999, -74.63451490000001, '2019-03-15', '2019-03-17'], [40.858616, -74.713984, '2019-03-08', '2019-03-10']]","[17.145797282525386, 29.0948662612445]",46.240663543769884,23.120331771884942
frc3637,3637,The Daleks,2011,08822,122,33,New Jersey,2019,2019fma,476.0,101922,"(40.5, -74.9)","[[40.58528099999999, -75.35740299999999, '2019-04-03', '2019-04-06'], [40.59299619999999, -74.63451490000001, '2019-03-15', '2019-03-17'], [40.4174592, -74.7064384, '2019-03-29', '2019-03-31']]","[24.785788727070603, 15.376874248138803, 11.683654801763629]",51.84631777697304,17.282105925657678
frc365,365,Miracle Workerz,2000,19808,171,18,Delaware,2019,2019fma,2749.0,70567,"(39.74, -75.67)","[[40.58528099999999, -75.35740299999999, '2019-04-03', '2019-04-06'], [39.8573487, -74.717578, '2019-03-22', '2019-03-24'], [39.9483, -75.53830599999999, '2019-03-08', '2019-03-10']]","[60.62266093518237, 51.32710293315698, 15.986794599011736]",127.93655846735108,42.64551948911703
frc3929,3929,Atomic Dragons,2012,19130,42,77,Pennsylvania,2019,2019fma,19213.0,62721,"(39.97, -75.18)","[[40.1977406, -75.1635218, '2019-03-01', '2019-03-03'], [39.9483, -75.53830599999999, '2019-03-08', '2019-03-10']]","[15.737148486282125, 19.082309425738476]",34.8194579120206,17.4097289560103
frc3974,3974,E=mCD,2012,19095,100,45,Pennsylvania,2019,2019fma,3306.0,67170,"(40.09, -75.15)","[[40.58528099999999, -75.35740299999999, '2019-04-03', '2019-04-06'], [40.1977406, -75.1635218, '2019-03-01', '2019-03-03'], [40.06192009999999, -75.20853079999999, '2019-03-15', '2019-03-17']]","[35.884925099678895, 7.468010553818013, 3.657524240048577]",47.01045989354549,15.670153297848495
frc4035,4035,Torbotix,2012,07050,23,108,New Jersey,2019,2019fma,13703.0,34965,"(40.77, -74.24)","[[40.59299619999999, -74.63451490000001, '2019-03-15', '2019-03-17'], [40.858616, -74.713984, '2019-03-08', '2019-03-10']]","[24.05512912382002, 25.590179164994]",49.64530828881402,24.82265414440701
frc41,41,RoboWarriors,1997,07059,99,48,New Jersey,2019,2019fma,782.0,149053,"(40.63, -74.51)","[[40.58528099999999, -75.35740299999999, '2019-04-03', '2019-04-06'], [40.858616, -74.713984, '2019-03-08', '2019-03-10'], [40.4174592, -74.7064384, '2019-03-29', '2019-03-31']]","[44.669725971055506, 19.064500036992545, 17.94583072968878]",81.68005673773683,27.22668557924561
frc423,423,Simple Machines,2000,19095,16,121,Pennsylvania,2019,2019fma,3306.0,67170,"(40.09, -75.15)","[[39.8573487, -74.717578, '2019-03-22', '2019-03-24'], [39.9483, -75.53830599999999, '2019-03-08', '2019-03-10']]","[28.009204574411935, 22.800563682907775]",50.80976825731971,25.404884128659855
frc4281,4281, Bulldogs,2012,08873,18,117,New Jersey,2019,2019fma,1547.0,85148,"(40.5, -74.52)","[[40.59299619999999, -74.63451490000001, '2019-03-15', '2019-03-17'], [40.4174592, -74.7064384, '2019-03-29', '2019-03-31']]","[8.803786086492314, 11.357328010424716]",20.161114096917032,10.080557048458516
frc4285,4285,Camo-Bots,2012,18431,86,56,Pennsylvania,2019,2019fma,94.0,43906,"(41.6, -75.3)","[[40.58528099999999, -75.35740299999999, '2019-04-03', '2019-04-06'], [40.59299619999999, -74.63451490000001, '2019-03-15', '2019-03-17'], [40.1977406, -75.1635218, '2019-03-01', '2019-03-03']]","[70.08661814698951, 77.68950454194061, 97.02565326618674]",244.80177595511685,81.60059198503895
frc433,433,Firebirds,2000,19031,137,26,Pennsylvania,2019,2019fma,1636.0,82917,"(40.11, -75.22)","[[40.58528099999999, -75.35740299999999, '2019-04-03', '2019-04-06'], [40.06192009999999, -75.20853079999999, '2019-03-15', '2019-03-17'], [39.9483, -75.53830599999999, '2019-03-08', '2019-03-10']]","[33.586018053266, 3.372483789546719, 20.235692003632153]",57.194193846444875,19.06473128214829
frc4342,4342,Demon Robotics,2012,19348,156,23,Pennsylvania,2019,2019fma,600.0,90196,"(39.87, -75.72)","[[40.58528099999999, -75.35740299999999, '2019-04-03', '2019-04-06'], [40.06192009999999, -75.20853079999999, '2019-03-15', '2019-03-17'], [39.9483, -75.53830599999999, '2019-03-08', '2019-03-10']]","[52.946210071399996, 30.209162804322904, 11.062387771799731]",94.21776064752264,31.40592021584088
frc4361,4361,Roxbotix,2012,07876,35,89,New Jersey,2019,2019fma,1860.0,117473,"(40.85, -74.65)","[[40.858616, -74.713984, '2019-03-08', '2019-03-10'], [40.11270489999999, -74.9315159, '2019-03-29', '2019-03-31']]","[3.404697624700456, 52.99097693998877]",56.39567456468922,28.19783728234461
frc4373,4373,RooBotics,2012,19046,21,115,Pennsylvania,2019,2019fma,2689.0,78715,"(40.1, -75.11)","[[40.1977406, -75.1635218, '2019-03-01', '2019-03-03'], [40.06192009999999, -75.20853079999999, '2019-03-15', '2019-03-17']]","[7.314858356181728, 5.845677548494371]",13.160535904676099,6.580267952338049
frc4454,4454,SLAM Robotics,2013,19103,110,38,Pennsylvania,2019,2019fma,34284.0,63709,"(39.95, -75.17)","[[40.58528099999999, -75.35740299999999, '2019-04-03', '2019-04-06'], [40.1977406, -75.1635218, '2019-03-01', '2019-03-03'], [39.9483, -75.53830599999999, '2019-03-08', '2019-03-10']]","[44.937582340805214, 17.096213287430242, 19.55761506850865]",81.5914106967441,27.197136898914703
frc4573,4573,SRNJRambotics,2013,08882,83,58,New Jersey,2019,2019fma,5781.0,66327,"(40.45, -74.38)","[[40.58528099999999, -75.35740299999999, '2019-04-03', '2019-04-06'], [40.59299619999999, -74.63451490000001, '2019-03-15', '2019-03-17'], [40.11270489999999, -74.9315159, '2019-03-29', '2019-03-31']]","[52.30782459171909, 16.64195370552579, 37.295405847426636]",106.24518414467151,35.41506138155717
frc4575,4575,The Tin Mints,2013,19076,34,90,Pennsylvania,2019,2019fma,8754.0,67727,"(39.89, -75.31)","[[40.4174592, -74.7064384, '2019-03-29', '2019-03-31'], [39.9483, -75.53830599999999, '2019-03-08', '2019-03-10']]","[48.429563070854925, 12.778056717933996]",61.20761978878892,30.60380989439446
frc4637,4637,BambieBotz,2013,19136,21,116,Pennsylvania,2019,2019fma,8827.0,44641,"(40.05, -75.02)","[[40.11270489999999, -74.9315159, '2019-03-29', '2019-03-31'], [40.06192009999999, -75.20853079999999, '2019-03-15', '2019-03-17']]","[6.380309651433849, 10.02929010704902]",16.40959975848287,8.204799879241435
frc4652,4652,Ironmen 2,2013,07446,16,120,New Jersey,2019,2019fma,2625.0,120883,"(41.06, -74.15)","[[40.59299619999999, -74.63451490000001, '2019-03-15', '2019-03-17'], [40.1977406, -75.1635218, '2019-03-01', '2019-03-03']]","[41.029364297499946, 79.86662137709537]",120.89598567459532,60.44799283729766
frc4653,4653,Ironmen Robotics,2013,07446,95,51,New Jersey,2019,2019fma,2625.0,120883,"(41.06, -74.15)","[[40.58528099999999, -75.35740299999999, '2019-04-03', '2019-04-06'], [40.59299619999999, -74.63451490000001, '2019-03-15', '2019-03-17'], [40.4174592, -74.7064384, '2019-03-29', '2019-03-31']]","[71.26462263765076, 41.029364297499946, 53.09095666408612]",165.38494359923683,55.12831453307894
frc4750,4750,Bert,2013,08109,15,126,New Jersey,2019,2019fma,4605.0,63821,"(39.95, -75.06)","[[40.4174592, -74.7064384, '2019-03-29', '2019-03-31'], [39.9483, -75.53830599999999, '2019-03-08', '2019-03-10']]","[37.28674269976468, 25.398585954360293]",62.68532865412497,31.342664327062487
frc484,484,Roboforce,2000,19083,46,72,Pennsylvania,2019,2019fma,6457.0,90946,"(39.98, -75.31)","[[39.8573487, -74.717578, '2019-03-22', '2019-03-24'], [39.9483, -75.53830599999999, '2019-03-08', '2019-03-10']]","[32.58962942307254, 12.316281857261178]",44.90591128033371,22.452955640166856
frc486,486,Positronic Panthers,2000,19086,49,70,Pennsylvania,2019,2019fma,2964.0,91318,"(39.89, -75.37)","[[40.06192009999999, -75.20853079999999, '2019-03-15', '2019-03-17'], [39.9483, -75.53830599999999, '2019-03-08', '2019-03-10']]","[14.633853527441444, 9.804139595397645]",24.43799312283909,12.218996561419544
frc4954,4954,Palindrome Robotics,2014,19713,0,131,Delaware,2019,2019fma,2221.0,57044,"(39.67, -75.7)",[],[],0.0,0.0
frc5113,5113,Combustible Lemons,2014,08057,106,42,New Jersey,2019,2019fma,1385.0,110647,"(39.98, -74.94)","[[40.58528099999999, -75.35740299999999, '2019-04-03', '2019-04-06'], [39.8573487, -74.717578, '2019-03-22', '2019-03-24'], [39.9483, -75.53830599999999, '2019-03-08', '2019-03-10']]","[47.22907089729516, 14.533532988918088, 31.838626527920663]",93.60123041413391,31.200410138044635
frc5181,5181,Explorer Robotics,2014,19038,99,46,Pennsylvania,2019,2019fma,4010.0,82275,"(40.1, -75.18)","[[40.58528099999999, -75.35740299999999, '2019-04-03', '2019-04-06'], [40.1977406, -75.1635218, '2019-03-01', '2019-03-03'], [40.06192009999999, -75.20853079999999, '2019-03-15', '2019-03-17']]","[34.76857656978963, 6.799863616968325, 3.031366457695192]",44.599806644453146,14.866602214817716
frc5310,5310,Eagles Apex,2014,07017,23,109,New Jersey,2019,2019fma,16008.0,38818,"(40.77, -74.21)","[[40.858616, -74.713984, '2019-03-08', '2019-03-10'], [39.8573487, -74.717578, '2019-03-22', '2019-03-24']]","[27.11998483773769, 68.4395976650175]",95.55958250275519,47.779791251377596
frc5401,5401,Fightin' Robotic Owls,2015,19020,228,5,Pennsylvania,2019,2019fma,3220.0,60657,"(40.1, -74.94)","[[40.58528099999999, -75.35740299999999, '2019-04-03', '2019-04-06'], [40.11270489999999, -74.9315159, '2019-03-29', '2019-03-31'], [40.1977406, -75.1635218, '2019-03-01', '2019-03-03']]","[40.084232405531374, 0.9850955929587244, 13.621069382406503]",54.6903973808966,18.230132460298865
frc5404,5404,Gearaffes,2015,19446,164,20,Pennsylvania,2019,2019fma,2445.0,76263,"(40.23, -75.29)","[[40.58528099999999, -75.35740299999999, '2019-04-03', '2019-04-06'], [40.11270489999999, -74.9315159, '2019-03-29', '2019-03-31'], [40.06192009999999, -75.20853079999999, '2019-03-15', '2019-03-17'], [39.9483, -75.53830599999999, '2019-03-08', '2019-03-10']]","[24.770338085251037, 20.627798405581355, 12.373039173872591, 23.471063017619006]",81.24223868232399,20.310559670580997
frc5407,5407,Wolfpack Robotics,2015,19428,107,41,Pennsylvania,2019,2019fma,2181.0,75136,"(40.08, -75.3)","[[40.58528099999999, -75.35740299999999, '2019-04-03', '2019-04-06'], [40.06192009999999, -75.20853079999999, '2019-03-15', '2019-03-17'], [39.9483, -75.53830599999999, '2019-03-08', '2019-03-10']]","[34.994736773829075, 5.006342403569332, 15.568866351144468]",55.569945528542874,18.523315176180958
frc5420,5420,Velocity,2015,08302,99,47,New Jersey,2019,2019fma,328.0,49654,"(39.4, -75.3)","[[40.58528099999999, -75.35740299999999, '2019-04-03', '2019-04-06'], [39.8573487, -74.717578, '2019-03-22', '2019-03-24'], [39.9483, -75.53830599999999, '2019-03-08', '2019-03-10']]","[81.8335588965451, 44.28221685136248, 39.9036039749567]",166.01937972286427,55.339793240954755
frc5438,5438,Technological Terrors,2015,07302,36,88,New Jersey,2019,2019fma,24711.0,98952,"(40.72, -74.05)","[[40.59299619999999, -74.63451490000001, '2019-03-15', '2019-03-17'], [40.858616, -74.713984, '2019-03-08', '2019-03-10']]","[31.94165768940788, 36.11247278159889]",68.05413047100677,34.027065235503386
frc5457,5457,Falcobots,2015,08016,24,106,New Jersey,2019,2019fma,1474.0,71879,"(40.07, -74.84)","[[39.8573487, -74.717578, '2019-03-22', '2019-03-24'], [40.1977406, -75.1635218, '2019-03-01', '2019-03-03']]","[16.04662396544076, 19.266909624429157]",35.31353358986992,17.65676679493496
frc5490,5490,The Dark Byte,2015,18020,21,113,Pennsylvania,2019,2019fma,1478.0,78938,"(40.67, -75.33)","[[39.8573487, -74.717578, '2019-03-22', '2019-03-24'], [40.11270489999999, -74.9315159, '2019-03-29', '2019-03-31']]","[64.74321187089124, 43.823989269151014]",108.56720114004226,54.28360057002113
frc555,555,Montclair Robotics,2001,07042,50,68,New Jersey,2019,2019fma,6780.0,79525,"(40.82, -74.22)","[[40.858616, -74.713984, '2019-03-08', '2019-03-10'], [40.11270489999999, -74.9315159, '2019-03-29', '2019-03-31']]","[26.024438033674016, 61.543437650842705]",87.56787568451672,43.78393784225836
frc56,56,R.O.B.B.E.,1997,08805,217,10,New Jersey,2019,2019fma,4336.0,67040,"(40.57, -74.54)","[[40.58528099999999, -75.35740299999999, '2019-04-03', '2019-04-06'], [40.59299619999999, -74.63451490000001, '2019-03-15', '2019-03-17'], [40.4174592, -74.7064384, '2019-03-29', '2019-03-31']]","[43.01754614673551, 5.219327262885243, 13.6985386276246]",61.93541203724536,20.645137345748452
frc5624,5624,TIGER TECH Robotics,2015,07080,31,96,New Jersey,2019,2019fma,2817.0,88980,"(40.57, -74.41)","[[40.59299619999999, -74.63451490000001, '2019-03-15', '2019-03-17'], [40.11270489999999, -74.9315159, '2019-03-29', '2019-03-31']]","[11.91748440739309, 41.87670526992016]",53.79418967731325,26.897094838656624
frc5666,5666,Purple Lightning,2015,08611,40,79,New Jersey,2019,2019fma,10119.0,38672,"(40.18, -74.74)","[[40.4174592, -74.7064384, '2019-03-29', '2019-03-31'], [40.1977406, -75.1635218, '2019-03-01', '2019-03-03']]","[16.479698904343646, 22.44395363372443]",38.923652538068076,19.461826269034038
frc5684,5684,Iron Mechs,2015,08610,110,37,New Jersey,2019,2019fma,4008.0,61016,"(40.2, -74.71)","[[40.58528099999999, -75.35740299999999, '2019-04-03', '2019-04-06'], [39.8573487, -74.717578, '2019-03-22', '2019-03-24'], [40.1977406, -75.1635218, '2019-03-01', '2019-03-03']]","[43.280549911164066, 23.644322430122852, 23.994972500254917]",90.91984484154183,30.30661494718061
frc5732,5732,ROBOTIGERS,2015,07003,27,104,New Jersey,2019,2019fma,8947.0,70434,"(40.81, -74.19)","[[40.59299619999999, -74.63451490000001, '2019-03-15', '2019-03-17'], [40.858616, -74.713984, '2019-03-08', '2019-03-10']]","[27.733074135500036, 27.666036984208937]",55.39911111970898,27.69955555985449
frc5895,5895,Peddie Robotics,2016,08520,138,25,New Jersey,2019,2019fma,1581.0,90293,"(40.25, -74.54)","[[40.58528099999999, -75.35740299999999, '2019-04-03', '2019-04-06'], [39.8573487, -74.717578, '2019-03-22', '2019-03-24'], [40.1977406, -75.1635218, '2019-03-01', '2019-03-03']]","[48.92206596105128, 28.68015192123632, 33.17303895720516]",110.77525683949276,36.92508561316425
frc5992,5992,Pirates,2016,07052,166,19,New Jersey,2019,2019fma,3831.0,87826,"(40.79, -74.26)","[[40.58528099999999, -75.35740299999999, '2019-04-03', '2019-04-06'], [40.858616, -74.713984, '2019-03-08', '2019-03-10'], [40.4174592, -74.7064384, '2019-03-29', '2019-03-31']]","[59.34653598393162, 24.26324609695409, 34.81409485979324]",118.42387694067895,39.47462564689298
frc6016,6016,Tiger Robotics,2016,07840,66,60,New Jersey,2019,2019fma,854.0,74980,"(40.87, -74.84)","[[40.858616, -74.713984, '2019-03-08', '2019-03-10'], [40.4174592, -74.7064384, '2019-03-29', '2019-03-31']]","[6.64807822520341, 32.00530400862124]",38.653382233824644,19.326691116912322
frc6226,6226,Blue Devils,2016,08016,104,44,New Jersey,2019,2019fma,1474.0,71879,"(40.07, -74.84)","[[40.58528099999999, -75.35740299999999, '2019-04-03', '2019-04-06'], [39.8573487, -74.717578, '2019-03-22', '2019-03-24'], [40.1977406, -75.1635218, '2019-03-01', '2019-03-03']]","[44.838863719917924, 16.04662396544076, 19.266909624429157]",80.15239730978784,26.71746576992928
frc6327,6327,The Fighting Gophers,2017,19076,45,73,Pennsylvania,2019,2019fma,8754.0,67727,"(39.89, -75.31)","[[40.4174592, -74.7064384, '2019-03-29', '2019-03-31'], [39.8573487, -74.717578, '2019-03-22', '2019-03-24']]","[48.429563070854925, 31.572927506698257]",80.00249057755317,40.00124528877659
frc6667,6667,STEM Clippers,2017,19013,0,132,Pennsylvania,2019,2019fma,6139.0,27289,"(39.85, -75.38)","[[40.11270489999999, -74.9315159, '2019-03-29', '2019-03-31'], [39.9483, -75.53830599999999, '2019-03-08', '2019-03-10']]","[29.91857012476225, 10.80560744501327]",40.72417756977552,20.36208878488776
frc6808,6808,William Tennent Robotics,2018,18974,31,95,Pennsylvania,2019,2019fma,2147.0,66758,"(40.21, -75.07)","[[40.11270489999999, -74.9315159, '2019-03-29', '2019-03-31'], [40.1977406, -75.1635218, '2019-03-01', '2019-03-03']]","[9.940040561618412, 5.019380624106409]",14.959421185724821,7.479710592862411
frc6860,6860,Equitum Robotics,2018,07501,22,112,New Jersey,2019,2019fma,18169.0,24321,"(40.91, -74.17)","[[40.59299619999999, -74.63451490000001, '2019-03-15', '2019-03-17'], [40.858616, -74.713984, '2019-03-08', '2019-03-10']]","[32.751074886858966, 28.7084608986473]",61.45953578550626,30.72976789275313
frc6897,6897,Astraea Robotics,2018,08816,28,103,New Jersey,2019,2019fma,2254.0,96067,"(40.43, -74.42)","[[40.59299619999999, -74.63451490000001, '2019-03-15', '2019-03-17'], [40.4174592, -74.7064384, '2019-03-29', '2019-03-31']]","[15.940877537541416, 15.129185721742688]",31.070063259284105,15.535031629642052
frc6921,6921,Technados,2018,08110,45,75,New Jersey,2019,2019fma,2963.0,49747,"(39.97, -75.06)","[[39.8573487, -74.717578, '2019-03-22', '2019-03-24'], [40.1977406, -75.1635218, '2019-03-01', '2019-03-03']]","[19.782860132504997, 16.64314535473279]",36.42600548723779,18.213002743618894
frc6943,6943,Blue Bears,2018,07104,64,61,New Jersey,2019,2019fma,19919.0,34998,"(40.77, -74.17)","[[40.58528099999999, -75.35740299999999, '2019-04-03', '2019-04-06'], [40.858616, -74.713984, '2019-03-08', '2019-03-10'], [40.1977406, -75.1635218, '2019-03-01', '2019-03-03']]","[63.66626147558192, 29.16683340276129, 65.56569465580124]",158.39878953414444,52.79959651138148
frc6945,6945,Children of the Corn,2018,07825,104,43,New Jersey,2019,2019fma,123.0,87724,"(41.0, -75.0)","[[40.58528099999999, -75.35740299999999, '2019-04-03', '2019-04-06'], [40.59299619999999, -74.63451490000001, '2019-03-15', '2019-03-17'], [40.858616, -74.713984, '2019-03-08', '2019-03-10']]","[34.20863044717359, 34.00103793395325, 17.867369427041275]",86.07703780816811,28.69234593605604
frc7045,7045,MCCrusaders,2018,07834,18,118,New Jersey,2019,2019fma,1445.0,105597,"(40.88, -74.49)","[[40.858616, -74.713984, '2019-03-08', '2019-03-10'], [40.4174592, -74.7064384, '2019-03-29', '2019-03-31']]","[11.825220609365433, 33.882463442681704]",45.707684052047135,22.853842026023568
frc708,708,Hatters Robotics,2001,19044,143,24,Pennsylvania,2019,2019fma,1954.0,68913,"(40.19, -75.15)","[[40.58528099999999, -75.35740299999999, '2019-04-03', '2019-04-06'], [40.11270489999999, -74.9315159, '2019-03-29', '2019-03-31'], [40.1977406, -75.1635218, '2019-03-01', '2019-03-03'], [40.06192009999999, -75.20853079999999, '2019-03-15', '2019-03-17']]","[29.386995647781397, 12.73757898720454, 0.8928053876464587, 9.364873316578139]",52.382253339210536,13.095563334802634
frc709,709,Femme Tech Fatale,2001,19010,53,65,Pennsylvania,2019,2019fma,2504.0,103737,"(40.02, -75.33)","[[40.1977406, -75.1635218, '2019-03-01', '2019-03-03'], [40.06192009999999, -75.20853079999999, '2019-03-15', '2019-03-17']]","[15.105293166290078, 7.060981269331504]",22.16627443562158,11.08313721781079
frc7110,7110,Heights Bytes,2018,08035,27,105,New Jersey,2019,2019fma,4796.0,86907,"(39.88, -75.07)","[[39.8573487, -74.717578, '2019-03-22', '2019-03-24'], [39.9483, -75.53830599999999, '2019-03-08', '2019-03-10']]","[18.800787564029896, 25.322282471595486]",44.12307003562538,22.06153501781269
frc714,714,Panthera,2001,07104,32,94,New Jersey,2019,2019fma,19919.0,34998,"(40.77, -74.17)","[[40.4174592, -74.7064384, '2019-03-29', '2019-03-31'], [39.8573487, -74.717578, '2019-03-22', '2019-03-24']]","[37.25413039531669, 69.29439423056631]",106.548524625883,53.2742623129415
frc7414,7414,Retrobotics,2019,19426,93,53,Pennsylvania,2019,2019fma,1145.0,108814,"(40.18, -75.43)","[[40.58528099999999, -75.35740299999999, '2019-04-03', '2019-04-06'], [40.1977406, -75.1635218, '2019-03-01', '2019-03-03'], [40.06192009999999, -75.20853079999999, '2019-03-15', '2019-03-17']]","[28.22482965323358, 14.15366337335164, 14.28220080238385]",56.660693828969066,18.886897942989687
frc747,747,Flight Crew,2002,08846,320,2,New Jersey,2019,2019fma,3876.0,80833,"(40.57, -74.5)","[[40.58528099999999, -75.35740299999999, '2019-04-03', '2019-04-06'], [40.4174592, -74.7064384, '2019-03-29', '2019-03-31'], [40.06192009999999, -75.20853079999999, '2019-03-15', '2019-03-17']]","[45.121378544257425, 15.133982236185272, 51.276576971647636]",111.53193775209033,37.17731258403011
frc75,75,RoboRaiders,1996,08844,95,52,New Jersey,2019,2019fma,698.0,112923,"(40.5, -74.7)","[[40.58528099999999, -75.35740299999999, '2019-04-03', '2019-04-06'], [40.858616, -74.713984, '2019-03-08', '2019-03-10'], [39.8573487, -74.717578, '2019-03-22', '2019-03-24']]","[35.10161209411041, 24.756069302905143, 44.350035260204756]",104.20771665722032,34.73590555240677
frc752,752,The Chargers,2002,07103,22,110,New Jersey,2019,2019fma,15365.0,27459,"(40.74, -74.19)","[[40.4174592, -74.7064384, '2019-03-29', '2019-03-31'], [40.06192009999999, -75.20853079999999, '2019-03-15', '2019-03-17']]","[35.12145685505544, 71.24213479645042]",106.36359165150586,53.18179582575293
frc7584,7584,RoverBots,2019,18045,10,128,Pennsylvania,2019,2019fma,1428.0,76341,"(40.7, -75.28)",[],[],0.0,0.0
frc7587,7587,Metuchen Momentum,2019,08840,119,35,New Jersey,2019,2019fma,5324.0,102196,"(40.54, -74.35)","[[40.58528099999999, -75.35740299999999, '2019-04-03', '2019-04-06'], [40.59299619999999, -74.63451490000001, '2019-03-15', '2019-03-17'], [40.4174592, -74.7064384, '2019-03-29', '2019-03-31']]","[53.104491504730184, 15.411341564608115, 20.59590868451944]",89.11174175385774,29.70391391795258
frc7599,7599,Blue Pride,2019,19141,38,82,Pennsylvania,2019,2019fma,17301.0,29601,"(40.04, -75.15)","[[40.11270489999999, -74.9315159, '2019-03-29', '2019-03-31'], [40.06192009999999, -75.20853079999999, '2019-03-15', '2019-03-17']]","[12.61990076719021, 3.4523021041530013]",16.07220287134321,8.036101435671606
frc7771,7771,Lakewood Robotics,2019,,10,129,New Jersey,2019,2019fma,3775.0,40240,"(40.07, -74.21)",[],[],0.0,0.0
frc7801,7801,Frisch CouGears,2019,07653,10,130,New Jersey,2019,2019fma,2516.0,97395,"(40.94, -74.07)",[],[],0.0,0.0
frc7853,7853,Kronecker Delta,2019,07202,58,64,New Jersey,2019,2019fma,17612.0,43534,"(40.65, -74.22)","[[40.59299619999999, -74.63451490000001, '2019-03-15', '2019-03-17'], [40.858616, -74.713984, '2019-03-08', '2019-03-10']]","[22.146064349823774, 29.64959914864542]",51.795663498469196,25.897831749234598
frc7877,7877,Neuro Brytes,2019,08102,24,107,New Jersey,2019,2019fma,7951.0,18696,"(39.95, -75.12)","[[40.11270489999999, -74.9315159, '2019-03-29', '2019-03-31'], [40.06192009999999, -75.20853079999999, '2019-03-15', '2019-03-17']]","[15.031575193226905, 9.038211321044152]",24.06978651427106,12.03489325713553
frc816,816,Anomaly,2002,08060,38,81,New Jersey,2019,2019fma,1114.0,77141,"(40.01, -74.79)","[[39.8573487, -74.717578, '2019-03-22', '2019-03-24'], [40.1977406, -75.1635218, '2019-03-01', '2019-03-03']]","[11.21230442807181, 23.65176938875546]",34.86407381682727,17.432036908413636
frc834,834,SparTechs,2002,18034,182,15,Pennsylvania,2019,2019fma,728.0,87063,"(40.54, -75.41)","[[40.58528099999999, -75.35740299999999, '2019-04-03', '2019-04-06'], [39.8573487, -74.717578, '2019-03-22', '2019-03-24'], [39.9483, -75.53830599999999, '2019-03-08', '2019-03-10']]","[4.174060474658369, 59.66939197723284, 41.385074499214916]",105.22852695110612,35.076175650368704
frc87,87,Diablo,1997,08060,15,125,New Jersey,2019,2019fma,1114.0,77141,"(40.01, -74.79)","[[40.11270489999999, -74.9315159, '2019-03-29', '2019-03-31'], [39.9483, -75.53830599999999, '2019-03-08', '2019-03-10']]","[10.319722471351811, 39.94549893839159]",50.2652214097434,25.1326107048717
